,Doc,OP_Updated_Num,OP_Unit,OTR_Updated_Num,OTR_Unit,PCO2_Updated_Num,PCO2_Unit,WVTR_Updated_Num,WVTR_Unit,WVP_Updated_Num,WVP_Unit,thickness_Updated_Num,thickness_Unit,temperature_Updated_Num,temperature_Unit,RH_Updated_Num,RH_Unit,Base Material,Type,Secondary Material,Composition,Plasticizer
0,"Effect of clay content, homogenization RPM, pH, and ultrasonication on mechanical and barrier properties of fish gelatin montmorillonite nanocomposite films",,,,,,,,,3.12E-11,gm/m2Pas,1E-04,,,,,,fish gelatin,individual,None,,"[‘GLY’, ’20.0’, ‘%’]"
1,"Effect of clay content, homogenization RPM, pH, and ultrasonication on mechanical and barrier properties of fish gelatin montmorillonite nanocomposite films",,,,,,,,,8.1E-12,gm/m2Pas,,,,,,,fish gelatin,nanocomposite,montmorillonite,"[‘MMT’, ‘0.09’, ’%’]","[‘GLY’, ’20.0’, ‘%’]"
2,"Effect of clay content, homogenization RPM, pH, and ultrasonication on mechanical and barrier properties of fish gelatin montmorillonite nanocomposite films",,,,,,,,,1.12E-11,gm/m2Pas,,,,,,,fish gelatin,nanocomposite,montmorillonite,"[‘MMT’, ‘0.05’, ’%’]","[‘GLY’, ’20.0’, ‘%’]"
3,"Effect of clay content, homogenization RPM, pH, and ultrasonication on mechanical and barrier properties of fish gelatin montmorillonite nanocomposite films",,,,,,,,,1.37E-11,gm/m2Pas,,,,,,,fish gelatin,nanocomposite,montmorillonite,"[‘MMT’, ‘0.05’, ’%’]","[‘GLY’, ’20.0’, ‘%’]"
4,"Effect of clay content, homogenization RPM, pH, and ultrasonication on mechanical and barrier properties of fish gelatin montmorillonite nanocomposite films",,,,,,,,,1.56E-11,gm/m2Pas,,,,,,,fish gelatin,nanocomposite,montmorillonite,,glycerol
5,"Effect of clay content, homogenization RPM, pH, and ultrasonication on mechanical and barrier properties of fish gelatin montmorillonite nanocomposite films",,,,,,,,,1.24E-11,gm/m2Pas,,,,,,,fish gelatin,nanocomposite,montmorillonite,,glycerol
6,"Effect of clay content, homogenization RPM, pH, and ultrasonication on mechanical and barrier properties of fish gelatin montmorillonite nanocomposite films",4.60107282214363E-12,cm3cm/m2Pas,,,,,,,,,,,23.0,°C,50.0,%,fish gelatin,individual,None,,"[‘GLY’, ’20.0’, ‘%’]"
7,"Effect of clay content, homogenization RPM, pH, and ultrasonication on mechanical and barrier properties of fish gelatin montmorillonite nanocomposite films",1.30675951055917E-12,cm3cm/m2Pas,,,,,,,,,,,23.0,°C,50.0,%,fish gelatin,nanocomposite,montmorillonite,"[‘MMT’, ‘0.09’, ’%’]","[‘GLY’, ’20.0’, ‘%’]"
8,"Effect of clay content, homogenization RPM, pH, and ultrasonication on mechanical and barrier properties of fish gelatin montmorillonite nanocomposite films",2.24342279609983E-12,cm3cm/m2Pas,,,,,,,,,,,23.0,°C,50.0,%,fish gelatin,nanocomposite,montmorillonite,,glycerol
9,"Effect of clay content, homogenization RPM, pH, and ultrasonication on mechanical and barrier properties of fish gelatin montmorillonite nanocomposite films",1.95671244894043E-12,cm3cm/m2Pas,,,,,,,,,,,23.0,°C,50.0,%,fish gelatin,nanocomposite,montmorillonite,,glycerol
10,"Effect of clay content, homogenization RPM, pH, and ultrasonication on mechanical and barrier properties of fish gelatin montmorillonite nanocomposite films",2.44674726540012E-12,cm3cm/m2Pas,,,,,,,,,,,23.0,°C,50.0,%,fish gelatin,nanocomposite,montmorillonite,"[‘MMT’, ‘0.05’, ’%’]","[‘GLY’, ’20.0’, ‘%’]"
11,"Effect of clay content, homogenization RPM, pH, and ultrasonication on mechanical and barrier properties of fish gelatin montmorillonite nanocomposite films",2.16917509663624E-12,cm3cm/m2Pas,,,,,,,,,,,23.0,°C,50.0,%,fish gelatin,nanocomposite,montmorillonite,"[‘MMT’, ‘0.05’, ’%’]","[‘GLY’, ’20.0’, ‘%’]"
12,"Effect of clay content, homogenization RPM, pH, and ultrasonication on mechanical and barrier properties of fish gelatin montmorillonite nanocomposite films",2.83283530261078E-12,cm3cm/m2Pas,,,,,,,,,,,23.0,°C,50.0,%,fish gelatin,nanocomposite,montmorillonite,,glycerol
13,"Effect of clay content, homogenization RPM, pH, and ultrasonication on mechanical and barrier properties of fish gelatin montmorillonite nanocomposite films",2.36793047673877E-12,cm3cm/m2Pas,,,,,,,,,,,23.0,°C,50.0,%,fish gelatin,nanocomposite,montmorillonite,,glycerol
14,"Effect of clay content, homogenization RPM, pH, and ultrasonication on mechanical and barrier properties of fish gelatin montmorillonite nanocomposite films",,,,,,,,,1.23E-11,gm/m2Pas,,,,,,,fish gelatin,nanocomposite,montmorillonite,"[‘MMT’, ‘0.05’, ’%’]","[‘GLY’, ’20.0’, ‘%’]"
15,"Effect of clay content, homogenization RPM, pH, and ultrasonication on mechanical and barrier properties of fish gelatin montmorillonite nanocomposite films",,,,,,,,,1.31E-11,gm/m2Pas,,,,,,,fish gelatin,nanocomposite,montmorillonite,"[‘MMT’, ‘0.05’, ’%’]","[‘GLY’, ’20.0’, ‘%’]"
16,"Effect of clay content, homogenization RPM, pH, and ultrasonication on mechanical and barrier properties of fish gelatin montmorillonite nanocomposite films",,,,,,,,,1.38E-11,gm/m2Pas,,,,,,,fish gelatin,nanocomposite,montmorillonite,"[‘MMT’, ‘0.05’, ’%’]","[‘GLY’, ’20.0’, ‘%’]"
17,"Tensile, water vapor barrier and antimicrobial properties of PLA nanoclay composite films",,,,,,,,,1.8E-11,gm/m2Pas,7.15E-05,m,25.0,°C,50.0,%,polylactic acid,individual,None,,
18,"Tensile, water vapor barrier and antimicrobial properties of PLA nanoclay composite films",,,,,,,,,2.08E-11,gm/m2Pas,8.06E-05,m,25.0,°C,50.0,%,polylactic acid,nanocomposite,NaMMT,"[‘NaMMT’, ’0.5’, ’%’]",
19,"Tensile, water vapor barrier and antimicrobial properties of PLA nanoclay composite films",,,,,,,,,1.7E-11,gm/m2Pas,7.92E-05,m,25.0,°C,50.0,%,polylactic acid,nanocomposite,OMMT,"[‘OMMT’, ’0.5’, ’%’]",
20,"Tensile, water vapor barrier and antimicrobial properties of PLA nanoclay composite films",,,,,,,,,1.15E-11,gm/m2Pas,8.41E-05,m,25.0,°C,50.0,%,polylactic acid,nanocomposite,OMMT,"[‘OMMT’, ’0.5’, ’%’]",
21,"Tensile, water vapor barrier and antimicrobial properties of PLA nanoclay composite films",,,,,,,,,2.61E-11,gm/m2Pas,0.00012,m,25.0,°C,50.0,%,polylactic acid,individual,None,,
22,"Tensile, water vapor barrier and antimicrobial properties of PLA nanoclay composite films",,,,,,,,,4.66E-11,gm/m2Pas,9.14E-05,m,25.0,°C,50.0,%,polylactic acid,individual,None,,
23,Suitability of novel galactomannans as edible coatings for tropical fruits,,,,,6.119E-14,gm/m2Pas,,,,,3E-06,m,20.0,°C,,%,fruit,coated,galactomannans,"[‘GAL’, ‘1.5’, ’%’]","[‘GLY’, ‘1.0’, ‘%’]"
24,Suitability of novel galactomannans as edible coatings for tropical fruits,,,,,4.313E-14,gm/m2Pas,,,,,3E-06,m,20.0,°C,,%,fruit,coated,galactomannans,"[‘GAL’, ‘1.0’, ’%’]","[‘GLY’, ‘1.0’, ‘%’]"
25,Suitability of novel galactomannans as edible coatings for tropical fruits,,,,,4.785E-14,gm/m2Pas,,,,,3E-06,m,20.0,°C,,%,fruit,coated,galactomannans,"[‘GAL’, ‘0.5’, ’%’]","[‘GLY’, ‘1.0’, ‘%’]"
26,Suitability of novel galactomannans as edible coatings for tropical fruits,,,,,,,,,6.25E-11,gm/m2Pas,3E-06,m,20.0,°C,0.0,%,fruit,coated,galactomannans,"[‘GAL’, ‘0.5’, ’%’]","[‘GLY’, ‘1.5’, ‘%’]"
27,Suitability of novel galactomannans as edible coatings for tropical fruits,,,,,,,,,6.47E-11,gm/m2Pas,3E-06,m,20.0,°C,0.0,%,fruit,coated,galactomannans,"[‘GAL’, ‘1.0’, ’%’]","[‘GLY’, ‘1.5’, ‘%’]"
28,Suitability of novel galactomannans as edible coatings for tropical fruits,,,,,,,,,6.18E-11,gm/m2Pas,3E-06,m,20.0,°C,0.0,%,fruit,coated,galactomannans,"[‘GAL’, ‘1.5’, ’%’]","[‘GLY’, ‘1.5’, ‘%’]"
29,Suitability of novel galactomannans as edible coatings for tropical fruits,,,,,,,,,1.8E-11,gm/m2Pas,3E-06,m,20.0,°C,,%,locust bean gum,individual,None,"[‘LBG’, ‘1.0’, ’%’]","[‘PEG’, ‘1.7’, ‘%’]"
30,Suitability of novel galactomannans as edible coatings for tropical fruits,,,,,,,,,3.2E-11,gm/m2Pas,3E-06,m,20.0,°C,,%,locust bean gum,individual,None,"[‘LBG’, ‘1.0’, ’%’]","[‘PEG’, ‘0.4’, ‘%’]"
31,Suitability of novel galactomannans as edible coatings for tropical fruits,,,,,,,,,8.7E-11,gm/m2Pas,3E-06,m,20.0,°C,,%,corn starch,individual,None,"[‘CS’, ‘5’, ’%’]","[‘GLY’, ‘1.4’, ‘%’]"
32,Suitability of novel galactomannans as edible coatings for tropical fruits,9.9E-16,gm/m2Pas,,,,,,,,,3E-06,m,20.0,°C,,%,fruit,coated,galactomannans,"[‘GAL’, ‘0.5’, ’%’]","[‘GLY’, ‘1.5’, ‘%’]"
33,Suitability of novel galactomannans as edible coatings for tropical fruits,4.3E-16,gm/m2Pas,,,,,,,,,3E-06,m,20.0,°C,,%,fruit,coated,galactomannans,"[‘GAL’, ‘1.0’, ’%’]","[‘GLY’, ‘1.5’, ‘%’]"
34,Suitability of novel galactomannans as edible coatings for tropical fruits,4.1E-16,gm/m2Pas,,,,,,,,,3E-06,m,20.0,°C,,%,fruit,coated,galactomannans,"[‘GAL’, ‘1.5’, ’%’]","[‘GLY’, ‘1.5’, ‘%’]"
35,Gas transport properties of polypropylene clay composite membranes,1.95016576408995E-09,cm3cm/m2Pas,,,,,,,,,0.0001099999999999,m,25.0,°C,,,polypropylene,individual,None,,
36,Gas transport properties of polypropylene clay composite membranes,4.48538125740689E-10,cm3cm/m2Pas,,,,,,,,,0.000127,m,25.0,°C,,,polypropylene,nanocomposite,NaMMT,"[‘NaMMT’, ’5.0’, ’%’]",
37,Exploring the potentialities of using lignocellulosic fibres derived from three food by-products as constituents of biocomposites for food packaging,,,,,,,,,1.5E-11,gm/m2Pas,0.00025,m,20.0,°C,100,%,PHBV,individual,None,,
38,Exploring the potentialities of using lignocellulosic fibres derived from three food by-products as constituents of biocomposites for food packaging,,,,,,,,,5.2E-11,gm/m2Pas,0.00025,m,20.0,°C,100,%,PHBV,blend,wheat straw fibres,"[‘WSF’, ’20.0’, ’%’]",
39,Exploring the potentialities of using lignocellulosic fibres derived from three food by-products as constituents of biocomposites for food packaging,,,,,,,,,5.2E-12,gm/m2Pas,0.00025,m,20.0,°C,100,%,PHBV,blend,olive mills,"[‘OM’, ’20.0’, ’%’]",
40,Barrier properties of chitosan coated polyethylene,,,,,1.02E-17,gm/m2Pas,,,,,,,25.0,°C,0.0,%,polyethylene,coated,chitosan,"[‘CS’, ’2.0’, ‘%’]",
41,Barrier properties of chitosan coated polyethylene,,,,,,,,,7.1E-13,gm/m2Pas,,,,,,,polyvinyl chloride,individual,None,,
42,Barrier properties of chitosan coated polyethylene,,,,,,,,,6.5E-13,gm/m2Pas,,,,,,,polypropylene,individual,None,,
43,Barrier properties of chitosan coated polyethylene,,,,,,,,,6.11E-11,gm/m2Pas,,,25.0,°C,50.0,%,chitosan,individual,None,,
44,Barrier properties of chitosan coated polyethylene,,,,,,,,,1.492E-12,gm/m2Pas,,,25.0,°C,50.0,%,chitosan,individual,None,,
45,Barrier properties of chitosan coated polyethylene,,,,,,,,,5E-11,gm/m2Pas,,,25.0,°C,52.0,%,methylcellulose,individual,None,,PEG
46,Barrier properties of chitosan coated polyethylene,,,,,,,,,2.2E-11,gm/m2Pas,,,,,,,oat starch,individual,None,,PEG
47,Barrier properties of chitosan coated polyethylene,,,,,,,,,4.2E-12,gm/m2Pas,,,,,,,oat starch,individual,None,,PEG
48,Barrier properties of chitosan coated polyethylene,,,,,,,,,7E-10,gm/m2Pas,0.0004,m,21.0,°C,85,%,wheat gluten,individual,None,,
49,Barrier properties of chitosan coated polyethylene,,,,,,,,,3.8E-10,gm/m2Pas,2.9E-05,m,25.0,°C,52 (29-81),%,amylose,individual,None,,
50,Barrier properties of chitosan coated polyethylene,,,,,,,,,3.48E-10,gm/m2Pas,4.5E-05,m,25.0,°C,70 (30-100),%,polyethylene,individual,None,,
51,Barrier properties of chitosan coated polyethylene,6.18E-17,gm/m2Pas,,,,,,,,,5E-05,m,25.0,°C,0.0,%,polyethylene,coated,chitosan,"[‘CS’, ’2.0’, ‘%’]",
52,Barrier properties of chitosan coated polyethylene,514.0,gm/m2Pas,,,,,,,,,,,25.0,°C,0.0,%,chitosan,individual,None,,
53,Barrier properties of chitosan coated polyethylene,1.32,gm/m2Pas,,,,,,,,,,,25.0,°C,0.0,%,chitosan,individual,None,,
54,Barrier properties of chitosan coated polyethylene,1.04E-17,gm/m2Pas,,,,,,,,,,,25.0,°C,0.0,%,chitosan,individual,None,,
55,Barrier properties of chitosan coated polyethylene,4.332E-16,gm/m2Pas,,,,,,,,,,,25.0,°C,96.0,%,chitosan,individual,None,,
56,Barrier properties of chitosan coated polyethylene,8.76E-17,gm/m2Pas,,,,,,,,,,,25.0,°C,0.0,%,chitosan,individual,None,"[‘CS’, ’2.0’, ‘%’]","[‘GLY’, ’23.0’, ‘%’]"
57,Barrier properties of chitosan coated polyethylene,1.5013E-15,gm/m2Pas,,,,,,,,,,,25.0,°C,96.0,%,chitosan,individual,None,"[‘CS’, ’2.0’, ‘%’]","[‘GLY’, ’23.0’, ‘%’]"
58,Barrier properties of chitosan coated polyethylene,,,,,6.98E-17,gm/m2Pas,,,,,,,25.0,°C,0.0,%,chitosan,individual,None,,
59,Barrier properties of chitosan coated polyethylene,,,,,7.8E-17,gm/m2Pas,,,,,,,25.0,°C,96.0,%,chitosan,individual,None,,
60,Barrier properties of chitosan coated polyethylene,,,,,3.82E-16,gm/m2Pas,,,,,,,25.0,°C,0.0,%,chitosan,individual,None,"[‘CS’, ’2.0’, ‘%’]","[‘GLY’, ’23.0’, ‘%’]"
61,Barrier properties of chitosan coated polyethylene,,,,,2.664E-15,gm/m2Pas,,,,,,,25.0,°C,96.0,%,chitosan,individual,None,"[‘CS’, ’2.0’, ‘%’]","[‘GLY’, ’23.0’, ‘%’]"
62,Barrier properties of chitosan coated polyethylene,,,,,,,,,5E-13,gm/m2Pas,,,25.0,°C,45 (30-75),%,polyethylene,individual,None,,
63,Barrier properties of chitosan coated polyethylene,,,,,,,,,7.72E-13,gm/m2Pas,4.5E-05,m,25.0,°C,33.0,%,polyethylene,individual,None,,
64,Barrier properties of chitosan coated polyethylene,,,,,,,,,5.55E-13,gm/m2Pas,4.5E-05,m,25.0,°C,45 (30-75),%,polyethylene,individual,None,,
65,Barrier properties of chitosan coated polyethylene,,,,,,,,,4.62E-13,gm/m2Pas,4.5E-05,m,25.0,°C,70 (30-100),%,polyethylene,individual,None,,
66,Barrier properties of chitosan coated polyethylene,,,,,,,,,2.571E-12,gm/m2Pas,,,25.0,°C,33.0,%,chitosan,individual,None,"[‘CS’, ’2.0’, ‘%’]",
67,Barrier properties of chitosan coated polyethylene,,,,,,,,,2.2E-10,gm/m2Pas,,,25.0,°C,45 (30-75),%,chitosan,individual,None,"[‘CS’, ’2.0’, ‘%’]",
68,Barrier properties of chitosan coated polyethylene,,,,,,,,,4.161E-10,gm/m2Pas,,,25.0,°C,70 (30-100),%,chitosan,individual,None,"[‘CS’, ’2.0’, ‘%’]",
69,Barrier properties of chitosan coated polyethylene,,,,,,,,,2.614E-12,gm/m2Pas,,,25.0,°C,33.0,%,chitosan,individual,None,"[‘CS’, ’2.0’, ‘%’]",glycerol
70,Barrier properties of chitosan coated polyethylene,,,,,,,,,1.905E-10,gm/m2Pas,,,25.0,°C,45 (30-75),%,chitosan,individual,None,"[‘CS’, ’2.0’, ‘%’]",glycerol
71,Barrier properties of chitosan coated polyethylene,,,,,,,,,5.41E-10,gm/m2Pas,,,25.0,°C,70 (30-100),%,chitosan,individual,None,"[‘CS’, ’2.0’, ‘%’]",glycerol
72,Barrier properties of chitosan coated polyethylene,,,,,,,,,7.88E-13,gm/m2Pas,5E-05,m,25.0,°C,33.0,%,polyethylene,coated,chitosan,"[‘CS’, ’2.0’, ‘%’]",glycerol
73,Barrier properties of chitosan coated polyethylene,,,,,,,,,6.67E-13,gm/m2Pas,5E-05,m,25.0,°C,45 (30-75),%,polyethylene,coated,chitosan,"[‘CS’, ’2.0’, ‘%’]",glycerol
74,Barrier properties of chitosan coated polyethylene,,,,,,,,,1.237E-12,gm/m2Pas,5E-05,m,25.0,°C,70 (30-100),%,polyethylene,coated,chitosan,"[‘CS’, ’2.0’, ‘%’]",glycerol
75,Barrier properties of chitosan coated polyethylene,8.83E-15,gm/m2Pas,,,,,,,,,,,25.0,°C,0.0,%,chitosan,individual,None,"[‘CS’, ’1.0’, ‘%’]",glycerol
76,Gas separation properties of polyether-based polyurethane–silica nanocomposite membranes,,,,,1.3986438847302E-07,cm3cm/m2Pas,,,,,0.0001,m,25.0,°C,,,polyurethane,individual,None,,
77,Gas separation properties of polyether-based polyurethane–silica nanocomposite membranes,,,,,9.00076506503053E-08,cm3cm/m2Pas,,,,,0.0001,m,25.0,°C,,,polyurethane,nanocomposite,silica,"[‘silica’, ’20.0’, ’%’]",
78,Gas separation properties of polyether-based polyurethane–silica nanocomposite membranes,1.21960366631164E-08,cm3cm/m2Pas,,,,,,,,,0.0001,m,25.0,°C,,,polyurethane,individual,None, ,
79,Gas separation properties of polyether-based polyurethane–silica nanocomposite membranes,5.76799027917373E-09,cm3cm/m2Pas,,,,,,,,,0.0001,m,25.0,°C,,,polyurethane,nanocomposite,silica,"[‘silica’, ’20.0’, ’%’]",
80,Edible oxygen barrier bilayer film pouches from corn zein and soy protein isolate for olive oil packaging,6E-19,m3m/m2Pas,,,,,,,,,0.0001159,m,25.0,°C,50.0,%,SPI,individual,None,,
81,Edible oxygen barrier bilayer film pouches from corn zein and soy protein isolate for olive oil packaging,8.1E-19,m3m/m2Pas,,,,,,,,,0.0001145,m,25.0,°C,50.0,%,SPI,bilayer,corn zein,,glycerol
82,Edible oxygen barrier bilayer film pouches from corn zein and soy protein isolate for olive oil packaging,3.51E-18,m3m/m2Pas,,,,,,,,,7.65E-05,m,25.0,°C,50.0,%,LDPE,individual,None,,
83,Edible oxygen barrier bilayer film pouches from corn zein and soy protein isolate for olive oil packaging,2.1644E-16,m3m/m2Pas,,,,,,,,,,,,,,,LDPE,individual,None,,
84,Edible oxygen barrier bilayer film pouches from corn zein and soy protein isolate for olive oil packaging,4.942E-17,m3m/m2Pas,,,,,,,,,,,,,,,HDPE,individual,None,,
85,Edible oxygen barrier bilayer film pouches from corn zein and soy protein isolate for olive oil packaging,,,,,,,,,9.4E-10,gm/m2Pas,0.0001159,m,25.0,°C,50.0,%,SPI,individual,None,,
86,Edible oxygen barrier bilayer film pouches from corn zein and soy protein isolate for olive oil packaging,,,,,,,,,6.1E-10,gm/m2Pas,0.0001145,m,25.0,°C,50.0,%,SPI,bilayer,corn zein,,glycerol
87,Edible oxygen barrier bilayer film pouches from corn zein and soy protein isolate for olive oil packaging,,,,,,,,,1E-12,gm/m2Pas,7.65E-05,m,25.0,°C,50.0,%,LDPE,individual,None,,
88,Gas barrier properties of nanocomposites based on in situ polymerized poly(n-butyl methacrylate) in the presence of surface modified montmorillonite,,,,,4.22285894301016E-08,cm3cm/m2Pas,,,,,,,25.0,°C,,,poly(n-butyl methacrylate),nanocomposite,montmorillonite,"[‘MMT’, ‘0.0’, ’%’]",
89,Gas barrier properties of nanocomposites based on in situ polymerized poly(n-butyl methacrylate) in the presence of surface modified montmorillonite,,,,,1.84515683833126E-08,cm3cm/m2Pas,,,,,,,25.0,°C,,,poly(n-butyl methacrylate),nanocomposite,montmorillonite,"[‘MMT’, ‘5.0’, ’%’]",
90,Gas barrier properties of nanocomposites based on in situ polymerized poly(n-butyl methacrylate) in the presence of surface modified montmorillonite,,,,,2.25019126625763E-08,cm3cm/m2Pas,,,,,,,25.0,°C,,,poly(n-butyl methacrylate),nanocomposite,montmorillonite,"[‘MMT’, ‘5.0’, ’%’]",
91,Gas barrier properties of nanocomposites based on in situ polymerized poly(n-butyl methacrylate) in the presence of surface modified montmorillonite,,,,,1.87515938854803E-08,cm3cm/m2Pas,,,,,,,25.0,°C,,,poly(n-butyl methacrylate),nanocomposite,montmorillonite,"[‘MMT’, ‘5.0’, ’%’]",
92,Soluble soybean polysaccharide A new carbohydrate to make a biodegradable film for sustainable green packaging,,,,,,,,,9.3E-11,gm/m2Pas,7.7E-05,m,25.0,°C,75.0,%,soluble soybean polysaccharide,individual,None,,"[‘GLY’, ’0.0’, ’%’]"
93,Soluble soybean polysaccharide A new carbohydrate to make a biodegradable film for sustainable green packaging,,,,,,,,,1.29E-10,gm/m2Pas,7.1E-05,m,25.0,°C,75.0,%,soluble soybean polysaccharide,individual,None,,"[‘GLY’, ’20.0’, ’%’]"
94,Soluble soybean polysaccharide A new carbohydrate to make a biodegradable film for sustainable green packaging,,,,,,,,,2.04E-10,gm/m2Pas,7.3E-05,m,25.0,°C,75.0,%,soluble soybean polysaccharide,individual,None,,"[‘GLY’, ’30.0’, ’%’]"
95,Soluble soybean polysaccharide A new carbohydrate to make a biodegradable film for sustainable green packaging,,,,,,,,,3.28E-10,gm/m2Pas,8.1E-05,m,25.0,°C,75.0,%,soluble soybean polysaccharide,individual,None,,"[‘GLY’, ’40.0’, ’%’]"
96,Soluble soybean polysaccharide A new carbohydrate to make a biodegradable film for sustainable green packaging,,,,,,,,,1.16E-10,gm/m2Pas,5E-05,m,25.0,°C,75.0,%,psyllium hydrocolloid,individual,None,,"[‘GLY’, ’15.0’, ’%’]"
97,Soluble soybean polysaccharide A new carbohydrate to make a biodegradable film for sustainable green packaging,,,,,,,,,1.54E-10,gm/m2Pas,6E-05,m,25.0,°C,75.0,%,psyllium hydrocolloid,individual,None,,"[‘GLY’, ’25.0’, ’%’]"
98,Soluble soybean polysaccharide A new carbohydrate to make a biodegradable film for sustainable green packaging,,,,,,,,,1.88E-10,gm/m2Pas,7.2E-05,m,25.0,°C,75.0,%,psyllium hydrocolloid,individual,None,,"[‘GLY’, ’35.0’, ’%’]"
99,Soluble soybean polysaccharide A new carbohydrate to make a biodegradable film for sustainable green packaging,,,,,,,,,8.4E-11,gm/m2Pas,7.2E-05,m,25.0,°C,75.0,%,cellophane,individual,None,,
100,Barrier and surface properties of chitosan-coated greaseproof paper,1.82763567910373E-11,cm3cm/m2Pas,,,,,,,,,3.5E-06,m,23.0,°C,0.0,%,greaseproof paper,coated,chitosan,"[‘CS’, ’5.2’, ‘g/m2’]",
101,Barrier and surface properties of chitosan-coated greaseproof paper,2.05609013899169E-11,cm3cm/m2Pas,,,,,,,,,3.5E-06,m,23.0,°C,0.0,%,greaseproof paper,coated,chitosan,"[‘CS’, ’5.2’, ‘g/m2’]",
102,Barrier and surface properties of chitosan-coated greaseproof paper,7.99590609607881E-12,cm3cm/m2Pas,,,,,,,,,3.5E-06,m,23.0,°C,0.0,%,greaseproof paper,coated,chitosan,"[‘CS’, ’5.2’, ‘g/m2’]",
103,Barrier and surface properties of chitosan-coated greaseproof paper,1.82763567910373E-17,cm3cm/m2Pas,,,,,,,,,,,27.0,°C,65.0,%,chitosan,indiviudal,None,,
104,Barrier and surface properties of chitosan-coated greaseproof paper,,,,,8.11013332602279E-10,cm3cm/m2Pas,,,,,3.5E-06,m,23.0,°C,0.0,%,greaseproof paper,coated,chitosan,"[‘CS’, ’5.2’, ‘g/m2’]",
105,Barrier and surface properties of chitosan-coated greaseproof paper,,,,,9.709314E-10,cm3cm/m2Pas,,,,,3.5E-06,m,23.0,°C,0.0,%,greaseproof paper,coated,chitosan,"[‘CS’, ’5.2’, ‘g/m2’]",
106,Application of bioplastics for food packaging,,,,,,,0.0008680555555555,g/m2s,8.23777514168921E-12,gm/m2Pas,2E-05,m,23.0,°C,75.0,%,paperboard,coated,PLA,"[‘PLA’, ’35.0’, ‘g/m2’]",
107,Application of bioplastics for food packaging,,,,,,,0.0007523148148148,g/m2s,7.13940512279763E-12,gm/m2Pas,2E-05,m,23.0,°C,75.0,%,paperboard,coated,PLA,"[‘PLA’, ’35.0’, ‘g/m2’]",
108,Application of bioplastics for food packaging,,,,,,,1.1574074074E-05,g/m2s,1.09837001889194E-13,gm/m2Pas,2E-05,m,23.0,°C,75.0,%,paperboard,coated,"PLA, Al2O3","[[‘PLA’, ’35.0’, ‘g/m2’], [‘Al2O3’, ’25.0’, ‘nm’]]",
109,Application of bioplastics for food packaging,,,2.31481481481481E-10,cm3/m2Pas,,,,,,,2E-05,m,23.0,°C,50.0,%,paperboard,coated,"PLA, Al2O3","[[‘PLA’, ’35.0’, ‘g/m2’], [‘Al2O3’, ’25.0’, ‘nm’]]",
110,Application of bioplastics for food packaging,,,4.62962962962963E-08,cm3/m2Pas,,,,,,,2E-05,m,23.0,°C,50.0,%,paperboard,coated,PLA,"[‘PLA’, ’35.0’, ‘g/m2’]",
111,Application of bioplastics for food packaging,,,8.125E-08,cm3/m2Pas,,,,,,,2E-05,m,23.0,°C,50.0,%,polylactic acid,individual,None,,
112,Application of bioplastics for food packaging,,,4.86111111111111E-08,cm3/m2Pas,,,,,,,2E-05,m,23.0,°C,50.0,%,paperboard,coated,PLA,"[‘PLA’, ’35.0’, ‘g/m2’]",
113,Application of bioplastics for food packaging,,,2.31481481481481E-09,cm3/m2Pas,,,,,,,2E-05,m,23.0,°C,50.0,%,paperboard,coated,"PLA, Al2O3","[[‘PLA’, ’35.0’, ‘g/m2’], [‘Al2O3’, ’25.0’, ‘nm’]]",
114,Application of bioplastics for food packaging,,,1.38888888888889E-09,cm3/m2Pas,,,,,,,2E-05,m,23.0,°C,50.0,%,paperboard,coated,"PLA, Al2O3","[[‘PLA’, ’35.0’, ‘g/m2’], [‘Al2O3’, ’25.0’, ‘nm’]]",
115,Gas permeation properties of poly(lactic acid),,,,,0.013598844,cm3cm/m2Pas,,,,,,,30.0,°C,,,polylactic acid,individual,None,,
116,Gas permeation properties of poly(lactic acid),,,,,0.000266644,cm3cm/m2Pas,,,,,,,30.0,°C,,,polyethylene terephthalate,individual,None,,
117,Gas permeation properties of poly(lactic acid),0.0043996259999999,cm3cm/m2Pas,,,,,,,,,,,30.0,°C,,,polylactic acid,individual,None,,
118,Gas permeation properties of poly(lactic acid),5.33288E-05,cm3cm/m2Pas,,,,,,,,,,,30.0,°C,,,polyethylene terephthalate,individual,None,,
119,Gas transfer properties of wheat gluten coated paper adapted to eMAP of fresh parsley,,,,,6.779E-14,molm/m2Pas,,,,,7.35E-05,m,20.0,°C,90.0,%,paper,coated,wheat gluten,"[‘WG’, ’20.7’, ‘g/m2’]",
120,Gas transfer properties of wheat gluten coated paper adapted to eMAP of fresh parsley,,,,,1.84E-15,molm/m2Pas,,,,,7.35E-05,m,20.0,°C,70.0,%,paper,coated,wheat gluten,"[‘WG’, ’20.7’, ‘g/m2’]",
121,Gas transfer properties of wheat gluten coated paper adapted to eMAP of fresh parsley,,,,,2.7242E-14,molm/m2Pas,,,,,7.35E-05,m,20.0,°C,0.0,%,paper,coated,wheat gluten,"[‘WG’, ’20.7’, ‘g/m2’]",
122,Gas transfer properties of wheat gluten coated paper adapted to eMAP of fresh parsley,,,,,7.4E-18,molm/m2Pas,,,,,,,20.0,°C,0.0,%,wheat gluten,individual,None,,
123,Gas transfer properties of wheat gluten coated paper adapted to eMAP of fresh parsley,,,,,,,,,1.27E-11,molm/m2Pas,7.35E-05,m,25.0,°C,100.0,%,paper,coated,wheat gluten,"[‘WG’, ’20.7’, ‘g/m2’]",
124,Gas transfer properties of wheat gluten coated paper adapted to eMAP of fresh parsley,8.512E-15,molm/m2Pas,,,,,,,,,7.35E-05,m,20.0,°C,90.0,%,paper,coated,wheat gluten,"[‘WG’, ’20.7’, ‘g/m2’]",
125,Gas transfer properties of wheat gluten coated paper adapted to eMAP of fresh parsley,2.7242E-14,molm/m2Pas,,,,,,,,,7.35E-05,m,20.0,°C,0.0,%,paper,coated,wheat gluten,"[‘WG’, ’20.7’, ‘g/m2’]",
126,Gas transfer properties of wheat gluten coated paper adapted to eMAP of fresh parsley,2.22E-15,molm/m2Pas,,,,,,,,,7.35E-05,m,20.0,°C,70.0,%,paper,coated,wheat gluten,"[‘WG’, ’20.7’, ‘g/m2’]",
127,Gas transfer properties of wheat gluten coated paper adapted to eMAP of fresh parsley,2.16E-15,molm/m2Pas,,,,,,,,,7.35E-05,m,20.0,°C,0.0,%,paper,coated,wheat gluten,"[‘WG’, ’20.7’, ‘g/m2’]",
128,Gas transfer properties of wheat gluten coated paper adapted to eMAP of fresh parsley,1.24E-18,molm/m2Pas,,,,,,,,,,,20.0,°C,0.0,%,wheat gluten,individual,None,,
129,Gas transfer properties of wheat gluten coated paper adapted to eMAP of fresh parsley,,,,,,,,,3.7E-11,molm/m2Pas,7.35E-05,m,25.0,°C,100.0,%,paper,coated,wheat gluten,"[‘WG’, ’20.7’, ‘g/m2’]",
130,Antiplasticisation and oxygen permeability of starch–sorbitol films,1.5E-13,cm3cm/m2Pas,,,,,,,,,0.0005,m,20.0,°C,57.0,%,starch,individual,None,,"[‘sorbitol’,’8.8’, ‘wt%’]"
131,Antiplasticisation and oxygen permeability of starch–sorbitol films,1.43E-12,cm3cm/m2Pas,,,,,,,,,0.0005,m,20.0,°C,57.0,%,starch,individual,None,,"[‘sorbitol’,’0.0’, ‘wt%’]"
132,Antiplasticisation and oxygen permeability of starch–sorbitol films,4.3E-12,cm3cm/m2Pas,,,,,,,,,0.0005,m,20.0,°C,90.0,%,starch,individual,None,,"[‘sorbitol’,’8.8’, ‘wt%’]"
133,Antiplasticisation and oxygen permeability of starch–sorbitol films,3.1E-13,cm3cm/m2Pas,,,,,,,,,0.0005,m,20.0,°C,57.0,%,starch,individual,None,,"[‘sorbitol’,’21.0’, ‘wt%’]"
134,Antiplasticisation and oxygen permeability of starch–sorbitol films,1.2E-13,cm3cm/m2Pas,,,,,,,,,0.0005,m,20.0,°C,0.0,%,EVOH,individual,None,,
135,Antiplasticisation and oxygen permeability of starch–sorbitol films,1.45E-12,cm3cm/m2Pas,,,,,,,,,0.0005,m,20.0,°C,57.0,%,starch,individual,None,,"[‘sorbitol’,’24.3’, ‘wt%’]"
136,Antiplasticisation and oxygen permeability of starch–sorbitol films,3.7E-13,cm3cm/m2Pas,,,,,,,,,0.0005,m,20.0,°C,,,starch,individual,None,,"[‘sorbitol’,’0.0’, ‘wt%’]"
137,Antiplasticisation and oxygen permeability of starch–sorbitol films,1E-08,cm3cm/m2Pas,,,,,,,,,0.0005,m,20.0,°C,,,starch,individual,None,,"[‘sorbitol’,’28.0’, ‘wt%’]"
138,Antiplasticisation and oxygen permeability of starch–sorbitol films,9.346E-10,cm3cm/m2Pas,,,,,,,,,0.0005,m,20.0,°C,90.0,%,starch,individual,None,,"[‘sorbitol’,’28.0’, ‘wt%’]"
139,"Water vapor permeability, tensile properties and solubility of methylcellulose-based edible films",,,,,,,,,5.98E-11,gm/m2Pas,1.1E-05,m,25.0,°C,50.0,%,methylcellulose,individual,None,"[[‘MC’, ’1.5’, ’%’], [‘EtOH’, ’50.0’, ‘%’]]",
140,"Water vapor permeability, tensile properties and solubility of methylcellulose-based edible films",,,,,,,,,5.14E-11,gm/m2Pas,1.7E-05,m,25.0,°C,50.0,%,methylcellulose,individual,None,"[[‘MC’, ’3.0’, ’%’], [‘EtOH’, ’50.0’, ‘%’]]",
141,"Water vapor permeability, tensile properties and solubility of methylcellulose-based edible films",,,,,,,,,4.94E-11,gm/m2Pas,1.9E-05,m,25.0,°C,50.0,%,methylcellulose,individual,None,"[[‘MC’, ’4.0’, ’%’], [‘EtOH’, ’50.0’, ‘%’]]",
142,"Water vapor permeability, tensile properties and solubility of methylcellulose-based edible films",,,,,,,,,5.23E-11,gm/m2Pas,2.6E-05,m,25.0,°C,50.0,%,methylcellulose,individual,None,"[[‘MC’, ’5.0’, ’%’], [‘EtOH’, ’50.0’, ‘%’]]",
143,"Water vapor permeability, tensile properties and solubility of methylcellulose-based edible films",,,,,,,,,5.25E-11,gm/m2Pas,2.4E-05,m,25.0,°C,50.0,%,methylcellulose,individual,None,"[[‘MC’, ’6.0’, ’%’], [‘EtOH’, ’50.0’, ‘%’]]",
144,"Water vapor permeability, tensile properties and solubility of methylcellulose-based edible films",,,,,,,,,1.16E-10,gm/m2Pas,2.4E-05,m,25.0,°C,50.0,%,methylcellulose,individual,None,"[[‘MC’, ’3.0’, ’%’], [‘EtOH’, ’75.0’, ‘%’]]","[‘PEG400’,’0.66’,’%’]"
145,"Water vapor permeability, tensile properties and solubility of methylcellulose-based edible films",,,,,,,,,8.29E-11,gm/m2Pas,1.8E-05,m,25.0,°C,50.0,%,methylcellulose,individual,None,"[[‘MC’, ’3.0’, ’%’], [‘EtOH’, ’67.0’, ‘%’]]","[‘PEG400’,’0.66’,’%’]"
146,"Water vapor permeability, tensile properties and solubility of methylcellulose-based edible films",,,,,,,,,7.47E-11,gm/m2Pas,1.8E-05,m,25.0,°C,50.0,%,methylcellulose,individual,None,"[[‘MC’, ’3.0’, ’%’], [‘EtOH’, ’50.0’, ‘%’]]","[‘PEG400’,’0.66’,’%’]"
147,"Water vapor permeability, tensile properties and solubility of methylcellulose-based edible films",,,,,,,,,7.45E-11,gm/m2Pas,1.7E-05,m,25.0,°C,50.0,%,methylcellulose,individual,None,"[[‘MC’, ’3.0’, ’%’], [‘EtOH’, ’25.0’, ‘%’]]","[‘PEG400’,’0.66’,’%’]"
148,"Water vapor permeability, tensile properties and solubility of methylcellulose-based edible films",,,,,,,,,6.97E-11,gm/m2Pas,1.6E-05,m,25.0,°C,50.0,%,methylcellulose,individual,None,"[[‘MC’, ’3.0’, ’%’], [‘EtOH’, ’0.0’, ‘%’]]","[‘PEG400’,’0.66’,’%’]"
149,"Water vapor permeability, tensile properties and solubility of methylcellulose-based edible films",,,,,,,,,1.086E-10,gm/m2Pas,2.3E-05,m,25.0,°C,50.0,%,methylcellulose,individual,None,"[[‘MC’, ’3.0’, ’%’], [‘EtOH’, ’75.0’, ‘%’]]",
150,"Water vapor permeability, tensile properties and solubility of methylcellulose-based edible films",,,,,,,,,6.78E-11,gm/m2Pas,1.7E-05,m,25.0,°C,50.0,%,methylcellulose,individual,None,"[[‘MC’, ’3.0’, ’%’], [‘EtOH’, ’67.0’, ‘%’]]",
151,"Water vapor permeability, tensile properties and solubility of methylcellulose-based edible films",,,,,,,,,5.14E-11,gm/m2Pas,1.7E-05,m,25.0,°C,50.0,%,methylcellulose,individual,None,"[[‘MC’, ’3.0’, ’%’], [‘EtOH’, ’50.0’, ‘%’]]",
152,"Water vapor permeability, tensile properties and solubility of methylcellulose-based edible films",,,,,,,,,4.24E-11,gm/m2Pas,1.7E-05,m,25.0,°C,50.0,%,methylcellulose,individual,None,"[[‘MC’, ’3.0’, ’%’], [‘EtOH’, ’25.0’, ‘%’]]",
153,"Water vapor permeability, tensile properties and solubility of methylcellulose-based edible films",,,,,,,,,2.32E-11,gm/m2Pas,1.5E-05,m,25.0,°C,50.0,%,methylcellulose,individual,None,"[[‘MC’, ’3.0’, ’%’], [‘EtOH’, ’0.0’, ‘%’]]",
154,"Water vapor permeability, tensile properties and solubility of methylcellulose-based edible films",,,,,,,,,7.41E-11,gm/m2Pas,1.6E-05,m,25.0,°C,50.0,%,methylcellulose,individual,None,"[[‘MC’, ’3.0’, ’%’], [‘EtOH’, ’0.0’, ‘%’]]","[‘PEG1450’,’0.66’,’%’]"
155,"Water vapor permeability, tensile properties and solubility of methylcellulose-based edible films",,,,,,,,,7.32E-11,gm/m2Pas,1.6E-05,m,25.0,°C,50.0,%,methylcellulose,individual,None,"[[‘MC’, ’3.0’, ’%’], [‘EtOH’, ’0.0’, ‘%’]]","[‘PEG4000’,’0.66’,’%’]"
156,"Water vapor permeability, tensile properties and solubility of methylcellulose-based edible films",,,,,,,,,6.67E-11,gm/m2Pas,1.7E-05,m,25.0,°C,50.0,%,methylcellulose,individual,None,"[[‘MC’, ’3.0’, ’%’], [‘EtOH’, ’0.0’, ‘%’]]","[‘PEG8000’,’0.66’,’%’]"
157,"Water vapor permeability, tensile properties and solubility of methylcellulose-based edible films",,,,,,,,,8.7E-13,gm/m2Pas,,,,,,,LDPE,individual,None,,
158,"Water vapor permeability, tensile properties and solubility of methylcellulose-based edible films",,,,,,,,,2.2E-13,gm/m2Pas,,,,,,,HDPE,individual,None,,
159,Barrier and mechanical properties of carrot puree films,2.027E-11,cm3cm/m2Pas,,,,,,,,,,,23.0,°C,50.0,%,carrot puree,blend,CMC,"[[‘CMC’, ’0.3’, ’%’], [‘corn starch’, ’3.0’,’%’], [‘gelatin’,’0.3’,’%’]]","[‘GLY’, ’6.30’, ‘%’]"
160,Barrier and mechanical properties of carrot puree films,1.808E-11,cm3cm/m2Pas,,,,,,,,,,,23.0,°C,50.0,%,carrot puree,blend,CMC,"[[‘CMC’,’0.3’,’%’], [‘corn starch’, ’3.0’,’%’], [‘gelatin’,’0.3’,’%’]]","[‘GLY’, ’5.04’, ’%’]"
161,Barrier and mechanical properties of carrot puree films,1.486E-11,cm3cm/m2Pas,,,,,,,,,,,23.0,°C,50.0,%,carrot puree,blend,CMC,"[[‘CMC’,’0.3’,’%’], [‘corn starch’, ’3.0’,’%’], [‘gelatin’,’0.3’,’%’]]","[‘GLY’, ’3.78’, ’%’]"
162,Barrier and mechanical properties of carrot puree films,1.375E-11,cm3cm/m2Pas,,,,,,,,,,,23.0,°C,50.0,%,carrot puree,blend,CMC,"[[‘CMC’,’0.3’,’%’], [‘corn starch’, ’3.0’,’%’], [‘gelatin’,’0.3’,’%’]]","[‘GLY’, ’2.52’, ‘%’]"
163,Barrier and mechanical properties of carrot puree films,1.307E-11,cm3cm/m2Pas,,,,,,,,,,,23.0,°C,50.0,%,carrot puree,blend,CMC,"[[‘CMC’,’0.3’,’%’], [‘corn starch’, ’3.0’,’%’], [‘gelatin’,’0.3’,’%’]]","[‘GLY’, ’1.26’, ‘%’]"
164,Barrier and mechanical properties of carrot puree films,1.257E-11,cm3cm/m2Pas,,,,,,,,,,,23.0,°C,50.0,%,carrot puree,blend,CMC,"[[‘CMC’,’0.3’,’%’], [‘corn starch’, ’3.0’,’%’], [‘gelatin’,’0.3’,’%’]]","[’GLY’, ’0’, ’%’]"
165,Barrier and mechanical properties of carrot puree films,,,,,,,,,6.631E-09,gm/m2Pas,,,25.0,°C,,,carrot puree,blend,CMC,"[[‘CMC’,’0.3’,’%’], [‘corn starch’, ’3.0’,’%’], [‘gelatin’,’0.3’,’%’]]","[‘GLY’, ’6.30’, ‘%’]"
166,Barrier and mechanical properties of carrot puree films,,,,,,,,,4.886E-09,gm/m2Pas,,,25.0,°C,,,carrot puree,blend,CMC,"[[‘CMC’,’0.3’,’%’], [‘corn starch’, ’3.0’,’%’], [‘gelatin’,’0.3’,’%’]]","[‘GLY’, ’5.04’, ’%’]"
167,Barrier and mechanical properties of carrot puree films,,,,,,,,,2.844E-09,gm/m2Pas,,,25.0,°C,,,carrot puree,blend,CMC,"[[‘CMC’,’0.3’,’%’], [‘corn starch’, ’3.0’,’%’], [‘gelatin’,’0.3’,’%’]]","[‘GLY’, ’3.78’, ’%’]"
168,Barrier and mechanical properties of carrot puree films,,,,,,,,,2.308E-09,gm/m2Pas,,,25.0,°C,,,carrot puree,blend,CMC,"[[‘CMC’,’0.3’,’%’], [‘corn starch’, ’3.0’,’%’], [‘gelatin’,’0.3’,’%’]]","[‘GLY’, ’2.52’, ‘%’]"
169,Barrier and mechanical properties of carrot puree films,,,,,,,,,2.122E-09,gm/m2Pas,,,25.0,°C,,,carrot puree,blend,CMC,"[[‘CMC’,’0.3’,’%’], [‘corn starch’, ’3.0’,’%’], [‘gelatin’,’0.3’,’%’]]","[‘GLY’, ’1.26’, ‘%’]"
170,Barrier and mechanical properties of carrot puree films,,,,,,,,,1.761E-09,gm/m2Pas,,,25.0,°C,,,carrot puree,blend,CMC,"[[‘CMC’,’0.3’,’%’], [‘corn starch’, ’3.0’,’%’], [‘gelatin’,’0.3’,’%’]]","[’GLY’, ’0’, ’%’]"
171,Barrier and mechanical properties of carrot puree films,1.381E-11,cm3cm/m2Pas,,,,,,,,,,,23.0,°C,50.0,%,carrot puree,blend,gelatin,"[[‘CMC’,’0.3’,’%’], [‘corn starch’, ’3.0’,’%’], [‘gelatin’,’0.5’,’%’]]","[‘GLY’,’3.78’, ‘%’]"
172,Barrier and mechanical properties of carrot puree films,1.297E-11,cm3cm/m2Pas,,,,,,,,,,,23.0,°C,50.0,%,carrot puree,blend,gelatin,"[[‘CMC’,’0.3’,’%’], [‘corn starch’, ’3.0’,’%’], [‘gelatin’,’0.4’,’%’]]","[‘GLY’,’3.78’, ‘%’]"
173,Barrier and mechanical properties of carrot puree films,1.397E-11,cm3cm/m2Pas,,,,,,,,,,,23.0,°C,50.0,%,carrot puree,blend,gelatin,"[[‘CMC’,’0.3’,’%’], [‘corn starch’, ’3.0’,’%’], [‘gelatin’,’0.3’,’%’]]","[‘GLY’,’3.78’, ‘%’]"
174,Barrier and mechanical properties of carrot puree films,1.338E-11,cm3cm/m2Pas,,,,,,,,,,,23.0,°C,50.0,%,carrot puree,blend,gelatin,"[[‘CMC’,’0.3’,’%’], [‘corn starch’, ’3.0’,’%’], [‘gelatin’,’0.2’,’%’]]","[‘GLY’,’3.78’, ‘%’]"
175,Barrier and mechanical properties of carrot puree films,1.48E-11,cm3cm/m2Pas,,,,,,,,,,,23.0,°C,50.0,%,carrot puree,blend,gelatin,"[[‘CMC’,’0.3’,’%’], [‘corn starch’,’3.0’,’%’], [‘gelatin’,’0.1’,’%’]]","[‘GLY’,’3.78’, ‘%’]"
176,Barrier and mechanical properties of carrot puree films,1.457E-11,cm3cm/m2Pas,,,,,,,,,,,23.0,°C,50.0,%,carrot puree,blend,gelatin,"[[‘CMC’,’0.3’,’%’], [‘corn starch’, ’3.0’,’%’], [‘gelatin’,’0.0’,’%’]]","[‘GLY’,’3.78’, ‘%’]"
177,Barrier and mechanical properties of carrot puree films,,,,,,,,,2.872E-09,gm/m2Pas,,,25.0,°C,,,carrot puree,blend,gelatin,"[[‘CMC’,’0.3’,’%’], [‘corn starch’, ’3.0’,’%’], [‘gelatin’,’0.5’,’%’]]","[‘GLY’,’3.78’, ‘%’]"
178,Barrier and mechanical properties of carrot puree films,,,,,,,,,2.414E-09,gm/m2Pas,,,25.0,°C,,,carrot puree,blend,gelatin,"[[‘CMC’,’0.3’,’%’], [‘corn starch’, ’3.0’,’%’], [‘gelatin’,’0.4’,’%’]]","[‘GLY’,’3.78’, ‘%’]"
179,Barrier and mechanical properties of carrot puree films,,,,,,,,,2.156E-09,gm/m2Pas,,,25.0,°C,,,carrot puree,blend,gelatin,"[[‘CMC’,’0.3’,’%’], [‘corn starch’, ’3.0’,’%’], [‘gelatin’,’0.3’,’%’]]","[‘GLY’,’3.78’, ‘%’]"
180,Barrier and mechanical properties of carrot puree films,,,,,,,,,2.711E-09,gm/m2Pas,,,25.0,°C,,,carrot puree,blend,gelatin,"[[‘CMC’,’0.3’,’%’], [‘corn starch’, ’3.0’,’%’], [‘gelatin’,’0.2’,’%’]]","[‘GLY’,’3.78’, ‘%’]"
181,Barrier and mechanical properties of carrot puree films,,,,,,,,,3.469E-09,gm/m2Pas,,,25.0,°C,,,carrot puree,blend,gelatin,"[[‘CMC’,’0.3’,’%’],  [‘corn starch’, ’3.0’,’%’], [‘gelatin’,’0.1’,’%’]]","[‘GLY’,’3.78’, ‘%’]"
182,Barrier and mechanical properties of carrot puree films,,,,,,,,,3.828E-09,gm/m2Pas,,,25.0,°C,,,carrot puree,blend,gelatin,"[[‘CMC’,’0.3’,’%’], [‘corn starch’, ’3.0’,’%’], [‘gelatin’,’0.0’,’%’]]","[‘GLY’,’3.78’, ‘%’]"
183,Barrier and mechanical properties of carrot puree films,1.359E-11,cm3cm/m2Pas,,,,,,,,,,,23.0,°C,50.0,%,carrot puree,blend,CMC,"[[‘CMC’,’1.0’,’%’], [‘corn starch’, ’3.0’,’%’], [‘gelatin’,’0.3’,’%’]]","[‘GLY’,’3.78’, ‘%’]"
184,Barrier and mechanical properties of carrot puree films,1.373E-11,cm3cm/m2Pas,,,,,,,,,,,23.0,°C,50.0,%,carrot puree,blend,CMC,"[[‘CMC’,’0.7’,’%’], [‘corn starch’, ’3.0’,’%’], [‘gelatin’,’0.3’,’%’]]","[‘GLY’,’3.78’, ‘%’]"
185,Barrier and mechanical properties of carrot puree films,1.376E-11,cm3cm/m2Pas,,,,,,,,,,,23.0,°C,50.0,%,carrot puree,blend,CMC,"[[‘CMC’,’0.5’,’%’], [‘corn starch’, ’3.0’,’%’], [‘gelatin’,’0.3’,’%’]]","[‘GLY’,’3.78’, ‘%’]"
186,Barrier and mechanical properties of carrot puree films,1.398E-11,cm3cm/m2Pas,,,,,,,,,,,23.0,°C,50.0,%,carrot puree,blend,CMC,"[[‘CMC’,’0.3’,’%’], [‘corn starch’, ’3.0’,’%’], [‘gelatin’,’0.3’,’%’]]","[‘GLY’,’3.78’, ‘%’]"
187,Barrier and mechanical properties of carrot puree films,1.425E-11,cm3cm/m2Pas,,,,,,,,,,,23.0,°C,50.0,%,carrot puree,blend,CMC,"[[‘CMC’,’0.1’,’%’], [‘corn starch’, ’3.0’,’%’], [‘gelatin’,’0.3’,’%’]]","[‘GLY’,’3.78’, ‘%’]"
188,Barrier and mechanical properties of carrot puree films,1.453E-11,cm3cm/m2Pas,,,,,,,,,,,23.0,°C,50.0,%,carrot puree,blend,CMC,"[[‘CMC’,’0.0’,’%’], [‘corn starch’, ’3.0’,’%’], [‘gelatin’,’0.3’,’%’]]","[‘GLY’,’3.78’, ‘%’]"
189,Barrier and mechanical properties of carrot puree films,,,,,,,,,3.272E-09,gm/m2Pas,,,25.0,°C,,,carrot puree,blend,CMC,"[[‘CMC’,’1.0’,’%’], [‘corn starch’, ’3.0’,’%’], [‘gelatin’,’0.3’,’%’]]","[‘GLY’,’3.78’, ‘%’]"
190,Barrier and mechanical properties of carrot puree films,,,,,,,,,3.153E-09,gm/m2Pas,,,25.0,°C,,,carrot puree,blend,CMC,"[[‘CMC’,’0.7’,’%’], [‘corn starch’, ’3.0’,’%’], [‘gelatin’,’0.3’,’%’]]","[‘GLY’,’3.78’, ‘%’]"
191,Barrier and mechanical properties of carrot puree films,,,,,,,,,2.689E-09,gm/m2Pas,,,25.0,°C,,,carrot puree,blend,CMC,"[[‘CMC’,’0.5’,’%’], [‘corn starch’, ’3.0’,’%’], [‘gelatin’,’0.3’,’%’]]","[‘GLY’,’3.78’, ‘%’]"
192,Barrier and mechanical properties of carrot puree films,,,,,,,,,2.442E-09,gm/m2Pas,,,25.0,°C,,,carrot puree,blend,CMC,"[[‘CMC’,’0.3’,’%’], [‘corn starch’, ’3.0’,’%’], [‘gelatin’,’0.3’,’%’]]","[‘GLY’,’3.78’, ‘%’]"
193,Barrier and mechanical properties of carrot puree films,,,,,,,,,2.286E-09,gm/m2Pas,,,25.0,°C,,,carrot puree,blend,CMC,"[[‘CMC’,’0.1’,’%’], [‘corn starch’, ’3.0’,’%’], [‘gelatin’,’0.3’,’%’]]","[‘GLY’,’3.78’, ‘%’]"
194,Barrier and mechanical properties of carrot puree films,,,,,,,,,2.181E-09,gm/m2Pas,,,25.0,°C,,,carrot puree,blend,CMC,"[[‘CMC’,’0.0’,’%’], [‘corn starch’, ’3.0’,’%’], [‘gelatin’,’0.3’,’%’]]","[‘GLY’,’3.78’, ‘%’]"
195,Water vapor and oxygen-barrier performance of corn–zein coated polypropylene films,,,,,,,,,1.18333333333333E-10,gm/m2Pas,,,25.0,°C,60.0,%,polypropylene,individual,None,,
196,Water vapor and oxygen-barrier performance of corn–zein coated polypropylene films,,,0.0231481481481481,cm3/m2s,,,,,,,,,23.0,°C,0.0,%,polypropylene,individual,None,,
197,Water vapor and oxygen-barrier performance of corn–zein coated polypropylene films,,,0.0053935185185185,cm3/m2s,,,,,,,4E-06,m,23.0,°C,0.0,%,polypropylene,coated,corn–zein,"[‘CZ’, ’15.0’, ’%’]","[‘PEG’, ’0.2’, ’%’]"
198,Water vapor and oxygen-barrier performance of corn–zein coated polypropylene films,,,0.009386574074074,cm3/m2s,,,,,,,4E-06,m,23.0,°C,0.0,%,polypropylene,coated,corn–zein,"[‘CZ’, ‘5.0’, ’%’]","[‘PEG’, ’0.2’, ’%’]"
199,Water vapor and oxygen-barrier performance of corn–zein coated polypropylene films,,,0.0099305555555555,cm3/m2s,,,,,,,4E-06,m,23.0,°C,0.0,%,polypropylene,coated,corn–zein,"[‘CZ’, ’5.0’, ’%’]","[‘PEG’, ’0.5’, ’%’]"
200,Water vapor and oxygen-barrier performance of corn–zein coated polypropylene films,,,0.007048611111111,cm3/m2s,,,,,,,4E-06,m,23.0,°C,0.0,%,polypropylene,coated,corn–zein,"[‘CZ’, ‘5.0’, ’%’]","[‘GLY’, ’0.2’, ’%’]"
201,Water vapor and oxygen-barrier performance of corn–zein coated polypropylene films,,,0.0056481481481481,cm3/m2s,,,,,,,4E-06,m,23.0,°C,0.0,%,polypropylene,coated,corn–zein,"[‘CZ’, ’5.0’, ’%’]","[‘GLY’, ’0.5’, ’%’]"
202,Water vapor and oxygen-barrier performance of corn–zein coated polypropylene films,,,,,,,,,2.51666666666667E-11,gm/m2Pas,4E-06,m,25.0,°C,60.0,%,polypropylene,coated,corn–zein,"[‘CZ’, ‘5.0’, ’%’]","[‘PEG’, ’0.2’, ’%’]"
203,Water vapor and oxygen-barrier performance of corn–zein coated polypropylene films,,,,,,,,,1.1E-10,gm/m2Pas,4E-06,m,25.0,°C,60.0,%,polypropylene,coated,corn–zein,"[‘CZ’, ’5.0’, ’%’]","[‘PEG’, ’0.5’, ’%’]"
204,Water vapor and oxygen-barrier performance of corn–zein coated polypropylene films,,,,,,,,,1.58333333333333E-11,gm/m2Pas,4E-06,m,25.0,°C,60.0,%,polypropylene,coated,corn–zein,"[‘CZ’, ‘5.0’, ’%’]","[‘GLY’, ’0.2’, ’%’]"
205,Water vapor and oxygen-barrier performance of corn–zein coated polypropylene films,,,,,,,,,3.58333333333333E-11,gm/m2Pas,4E-06,m,25.0,°C,60.0,%,polypropylene,coated,corn–zein,"[‘CZ’, ’5.0’, ’%’]","[‘GLY’, ’0.5’, ’%’]"
206,Effect of plasticizers and fatty acids on mechanical and permeability characteristics of chitosan films,,,,,,,,,1.53009259259259E-10,gm/m2Pas,,,,,,,chitosan,individual,None,,
207,Effect of plasticizers and fatty acids on mechanical and permeability characteristics of chitosan films,,,,,,,,,9.07407407407407E-11,gm/m2Pas,,,,,90.0,%,chitosan,individual,None,,"[‘GLY’, ’0.4’, ’%’]"
208,Effect of plasticizers and fatty acids on mechanical and permeability characteristics of chitosan films,,,,,,,,,1.04166666666667E-10,gm/m2Pas,,,,,90.0,%,chitosan,individual,None,,"[‘sorbitol’,’0.1’,’%’]"
209,Effect of plasticizers and fatty acids on mechanical and permeability characteristics of chitosan films,,,,,,,,,1.88657407407407E-10,gm/m2Pas,,,,,90.0,%,chitosan,individual,None,,"[‘sorbitol’, ’0.5’, ’%’]"
210,Effect of plasticizers and fatty acids on mechanical and permeability characteristics of chitosan films,,,,,,,,,2.19907407407407E-10,gm/m2Pas,,,,,90.0,%,chitosan,individual,None,,"[‘PEG’, ’0.2’, ’%’]"
211,Effect of plasticizers and fatty acids on mechanical and permeability characteristics of chitosan films,,,,,,,,,1.14227229943983E-11,gm/m2Pas,,,23.0,℃,50.0,%,chitosan,individual,None,,"[‘GLY’, ’0.25’, ’mL/g’]"
212,Effect of plasticizers and fatty acids on mechanical and permeability characteristics of chitosan films,,,,,,,,,8.6812694757427E-12,gm/m2Pas,,,23.0,℃,50.0,%,chitosan,individual,None,,"[‘GLY’, ’0.25’, ’mL/g’]"
213,Effect of plasticizers and fatty acids on mechanical and permeability characteristics of chitosan films,,,,,,,,,1.56481481481482E-10,gm/m2Pas,,,,,90.0,%,chitosan,blend,stearic acid,"[‘FA’, ’0.5’, ’%’]",fatty acid
214,Effect of plasticizers and fatty acids on mechanical and permeability characteristics of chitosan films,,,,,,,,,1.66898148148148E-10,gm/m2Pas,,,,,90.0,%,chitosan,blend,palmitic acid,"[‘FA’, ’0.5’, ’%’]",fatty acid
215,Effect of plasticizers and fatty acids on mechanical and permeability characteristics of chitosan films,,,3.7037037037037E-06,cm3cm/m2Pas,,,,,,,,,,,,,chitosan,individual,None,,
216,Effect of plasticizers and fatty acids on mechanical and permeability characteristics of chitosan films,,,7.39583333333333E-08,cm3cm/m2Pas,,,,,,,,,,,,,chitosan,blend,palmitic acid,"[‘FA’, ’0.1’, ’%’]",fatty acid
217,Effect of plasticizers and fatty acids on mechanical and permeability characteristics of chitosan films,,,2.70833333333333E-08,cm3cm/m2Pas,,,,,,,,,23.0,℃,60.0,%,chitosan,blend,palmitic acid,,fatty acid
218,Gas permeation and mechanical properties of polypropylene nanocomposites with thermally-stable imidazolium modified clay,1.3733400462963E-05,cm3cm/m2Pas,,,,,,,,,,,23.0,°C,0.0,%,polypropylene,individual,None,"[‘OMMT’, ‘0.0’, ‘%’]",
219,Gas permeation and mechanical properties of polypropylene nanocomposites with thermally-stable imidazolium modified clay,1.09558587962963E-05,cm3cm/m2Pas,,,,,,,,,,,23.0,°C,0.0,%,polypropylene,nanocomposite,OMMT,"[‘OMMT’, ‘1.0’, ‘%’]",
220,Gas permeation and mechanical properties of polypropylene nanocomposites with thermally-stable imidazolium modified clay,9.41278009259263E-06,cm3cm/m2Pas,,,,,,,,,,,23.0,°C,0.0,%,polypropylene,nanocomposite,OMMT,"[‘OMMT’, ‘2.0’, ‘%’]",
221,Gas permeation and mechanical properties of polypropylene nanocomposites with thermally-stable imidazolium modified clay,8.17831712962966E-06,cm3cm/m2Pas,,,,,,,,,,,23.0,°C,0.0,%,polypropylene,nanocomposite,OMMT,"[‘OMMT’, ‘3.0’, ‘%’]",
222,Gas permeation and mechanical properties of polypropylene nanocomposites with thermally-stable imidazolium modified clay,7.40677777777778E-06,cm3cm/m2Pas,,,,,,,,,,,23.0,°C,0.0,%,polypropylene,nanocomposite,OMMT,"[‘OMMT’, ‘4.0’, ‘%’]",
223,Design of biodegradable bio-based equilibrium modified atmosphere packaging (EMAP) for fresh fruits and vegetables by using micro-perforated poly-lactic acid (PLA) films,,,,,4.4E-09,gm/m2s,,,,,3E-05,m,23.0,°C,50.0,%,polylactic acid,individual,None,,
224,Design of biodegradable bio-based equilibrium modified atmosphere packaging (EMAP) for fresh fruits and vegetables by using micro-perforated poly-lactic acid (PLA) films,,,,,2.77E-14,gm/m2Pas,,,,,3E-05,m,25.0,°C,0.0,%,polylactic acid,individual,None,,
225,Design of biodegradable bio-based equilibrium modified atmosphere packaging (EMAP) for fresh fruits and vegetables by using micro-perforated poly-lactic acid (PLA) films,,,,,1.99E-14,gm/m2Pas,,,,,3E-05,m,25.0,°C,0.0,%,polylactic acid,individual,None,,
226,Design of biodegradable bio-based equilibrium modified atmosphere packaging (EMAP) for fresh fruits and vegetables by using micro-perforated poly-lactic acid (PLA) films,5.3E-09,gm/m2s,,,,,,,,,3E-05,m,23.0,°C,50.0,%,polylactic acid,individual,None,,
227,Design of biodegradable bio-based equilibrium modified atmosphere packaging (EMAP) for fresh fruits and vegetables by using micro-perforated poly-lactic acid (PLA) films,,,,,,,,,1.4E-06,gm/m2s,3E-05,m,23.0,°C,50.0,%,polylactic acid,individual,None,,
228,Effect of an organo-modified montmorillonite on PLA crystallization and gas barrier properties,3.750916E-10,cm3cm/m2Pas,,,,,,,,,1E-04,m,20.0,°C,,,polylactic acid,individual,None,,
229,Effect of an organo-modified montmorillonite on PLA crystallization and gas barrier properties,3.15077E-10,cm3cm/m2Pas,,,,,,,,,1E-04,m,20.0,°C,,,polylactic acid,nanocomposite,OMMT,"[‘OMMT’, ‘3.8’, ‘%’]",
230,Effect of an organo-modified montmorillonite on PLA crystallization and gas barrier properties,2.85035E-10,cm3cm/m2Pas,,,,,,,,,1E-04,m,20.0,°C,,,polylactic acid,nanocomposite,OMMT,"[‘OMMT’, ‘7.9’, ‘%’]",
231,Combined effects of cellulose nanocrystals and silver nanoparticles on the barrier and migration properties of PLA nano-biocomposites,,,,,,,,,1.04E-11,gm/m2Pas,2.1E-04,m,20.0,°C,50.0,%,polylactic acid,individual,None,,
232,Combined effects of cellulose nanocrystals and silver nanoparticles on the barrier and migration properties of PLA nano-biocomposites,,,,,,,,,1E-11,gm/m2Pas,2.1E-04,m,20.0,°C,50.0,%,polylactic acid,nanocomposite,Ag,"[‘Ag’, ‘1.0’, ‘%’]",
233,Combined effects of cellulose nanocrystals and silver nanoparticles on the barrier and migration properties of PLA nano-biocomposites,,,,,,,,,6.6E-12,gm/m2Pas,2.1E-04,m,20.0,°C,50.0,%,polylactic acid,nanocomposite,"CNC, Ag","[[‘CNC’, ‘1.0’, ‘%’], [‘Ag’, ‘1.0’, ‘%’]]",
234,Combined effects of cellulose nanocrystals and silver nanoparticles on the barrier and migration properties of PLA nano-biocomposites,,,,,,,,,4.3E-12,gm/m2Pas,2.1E-04,m,20.0,°C,50.0,%,polylactic acid,nanocomposite,"sCNC, Ag","[[‘sCNC’, ‘1.0’, ‘%’], [‘Ag’, ‘1.0’, ‘%’]]",
235,Combined effects of cellulose nanocrystals and silver nanoparticles on the barrier and migration properties of PLA nano-biocomposites,,,,,,,,,5.5E-12,gm/m2Pas,2.1E-04,m,20.0,°C,50.0,%,polylactic acid,nanocomposite,"CNC, Ag","[[‘CNC’, ‘5.0’, ‘%’], [‘Ag’, ‘1.0’, ‘%’]]",
236,Combined effects of cellulose nanocrystals and silver nanoparticles on the barrier and migration properties of PLA nano-biocomposites,,,,,,,,,4.3E-12,gm/m2Pas,2.1E-04,m,20.0,°C,50.0,%,polylactic acid,nanocomposite,"sCNC, Ag","[[‘sCNC’, ‘5.0’, ‘%’], [‘Ag’, ‘1.0’, ‘%’]]",
237,Combined effects of cellulose nanocrystals and silver nanoparticles on the barrier and migration properties of PLA nano-biocomposites,,,3.5300926E-05,cm3cm/m2s,,,,,,,2.1E-04,m,25.0,°C,,,polylactic acid,individual,None,,
238,Combined effects of cellulose nanocrystals and silver nanoparticles on the barrier and migration properties of PLA nano-biocomposites,,,2.7662037E-05,cm3cm/m2s,,,,,,,2.1E-04,m,25.0,°C,,,polylactic acid,nanocomposite,Ag,"[‘Ag’, ‘1.0’, ‘%’]",
239,Combined effects of cellulose nanocrystals and silver nanoparticles on the barrier and migration properties of PLA nano-biocomposites,,,1.9097222E-05,cm3cm/m2s,,,,,,,2.1E-04,m,25.0,°C,,,polylactic acid,nanocomposite,"CNC, Ag","[[‘CNC’, ‘1.0’, ‘%’], [‘Ag’, ‘1.0’, ‘%’]]",
240,Combined effects of cellulose nanocrystals and silver nanoparticles on the barrier and migration properties of PLA nano-biocomposites,,,1.6435185E-05,cm3cm/m2s,,,,,,,2.1E-04,m,25.0,°C,,,polylactic acid,nanocomposite,"sCNC, Ag","[[‘sCNC’, ‘1.0’, ‘%’], [‘Ag’, ‘1.0’, ‘%’]]",
241,Combined effects of cellulose nanocrystals and silver nanoparticles on the barrier and migration properties of PLA nano-biocomposites,,,2.0601852E-05,cm3cm/m2s,,,,,,,2.1E-04,m,25.0,°C,,,polylactic acid,nanocomposite,"CNC, Ag","[[‘CNC’, ‘5.0’, ‘%’], [‘Ag’, ‘1.0’, ‘%’]]",
242,Combined effects of cellulose nanocrystals and silver nanoparticles on the barrier and migration properties of PLA nano-biocomposites,,,1.4583333E-05,cm3cm/m2s,,,,,,,2.1E-04,m,25.0,°C,,,polylactic acid,nanocomposite,"sCNC, Ag","[[‘sCNC’, ‘5.0’, ‘%’], [‘Ag’, ‘1.0’, ‘%’]]",
243,Mechanical properties and water vapor permeability of edible films made from fractionated soy proteins with ultrafiltration,,,,,,,,,8.3E-10,gm/m2Pas,6.77E-05,m,25.0,°C,50.0,%,SPI,individual,None,,
244,Mechanical properties and water vapor permeability of edible films made from fractionated soy proteins with ultrafiltration,,,,,,,,,8.3E-10,gm/m2Pas,6.15E-05,m,25.0,°C,50.0,%,SPI,individual,None,,
245,Mechanical properties and water vapor permeability of edible films made from fractionated soy proteins with ultrafiltration,,,,,,,,,8.5E-10,gm/m2Pas,6.86E-05,m,25.0,°C,50.0,%,SPI,individual,None,,
246,Mechanical properties and water vapor permeability of edible films made from fractionated soy proteins with ultrafiltration,,,,,,,,,8E-10,gm/m2Pas,6.59E-05,m,25.0,°C,50.0,%,SPI,individual,None,,
247,Improve the gas barrier property of PET film with montmorillonite by in situ interlayer polymerization,8.6259259E-13,cm3cm/m2Pas,,,,,,,,,2.5E-05,m,,,,,polyethylene terephthalate,nanocomposite,OMMT,"[‘OMMT’, ‘0.0’, ‘%’]",
248,Improve the gas barrier property of PET film with montmorillonite by in situ interlayer polymerization,6.3824074E-13,cm3cm/m2Pas,,,,,,,,,2.5E-05,m,,,,,polyethylene terephthalate,nanocomposite,OMMT,"[‘OMMT’, ‘1.0’, ‘%’]",
249,Improve the gas barrier property of PET film with montmorillonite by in situ interlayer polymerization,5.321037E-13,cm3cm/m2Pas,,,,,,,,,2.5E-05,m,,,,,polyethylene terephthalate,nanocomposite,OMMT,"[‘OMMT’, ‘2.0’, ‘%’]",
250,Improve the gas barrier property of PET film with montmorillonite by in situ interlayer polymerization,4.340278E-13,cm3cm/m2Pas,,,,,,,,,2.5E-05,m,,,,,polyethylene terephthalate,nanocomposite,OMMT,"[‘OMMT’, ‘3.0’, ‘%’]",
251,"Effect of lignin on water vapor barrier, mechanical, and structural properties of agar-lignin composite films",,,,,,,,,2.11E-09,gm/m2Pas,6.05E-05,m,25.0,°C,50.0,%,agar,individual,None,,
252,"Effect of lignin on water vapor barrier, mechanical, and structural properties of agar-lignin composite films",,,,,,,,,1.97E-09,gm/m2Pas,6.03E-05,m,25.0,°C,50.0,%,agar,blend,lignin,"[‘lignin’, ‘1.0’, ‘%’]",glycerol
253,"Effect of lignin on water vapor barrier, mechanical, and structural properties of agar-lignin composite films",,,,,,,,,1.89E-09,gm/m2Pas,6.11E-05,m,25.0,°C,50.0,%,agar,blend,lignin,"[‘lignin’, ‘3.0’, ‘%’]",glycerol
254,"Effect of lignin on water vapor barrier, mechanical, and structural properties of agar-lignin composite films",,,,,,,,,1.77E-09,gm/m2Pas,5.71E-05,m,25.0,°C,50.0,%,agar,blend,lignin,"[‘lignin’, ‘5.0’, ‘%’]",glycerol
255,"Effect of lignin on water vapor barrier, mechanical, and structural properties of agar-lignin composite films",,,,,,,,,1.53E-09,gm/m2Pas,5.78E-05,m,25.0,°C,50.0,%,agar,blend,lignin,"[‘lignin’, ’10.0’, ‘%’]",glycerol
256,Oxygen permeability and mechanical properties of banana films,7.87037E-12,cm3cm/m2Pas,,,,,,,,,1E-04,m,25.0,°C,0.0,%,methylcellulose,individual,None,,
257,Oxygen permeability and mechanical properties of banana films,6.828703E-10,cm3cm/m2Pas,,,,,,,,,1E-04,m,23.0,°C,50.0,%,denatured whey protein isolate,individual,None,,
258,Oxygen permeability and mechanical properties of banana films,9.027777E-10,cm3cm/m2Pas,,,,,,,,,1E-04,m,23.0,°C,50.0,%,whey protein isolate,individual,None,,
259,Water vapour permeability of poly(lactic acid) nanocomposites,,,,,,,5.2034722E-06,g/m2s,,,6E-04,m,38.0,°C,90.0,%,polylactic acid,individual,None,,
260,Water vapour permeability of poly(lactic acid) nanocomposites,,,,,,,4.58611109E-06,g/m2s,,,6E-04,m,38.0,°C,90.0,%,polylactic acid,nanocomposite,OMMT,"[‘OMMT’, ‘1.0’, ‘%’]",
261,Water vapour permeability of poly(lactic acid) nanocomposites,,,,,,,4.08634257E-06,g/m2s,,,6E-04,m,38.0,°C,90.0,%,polylactic acid,nanocomposite,OMMT,"[‘OMMT’, ‘2.0’, ‘%’]",
262,Water vapour permeability of poly(lactic acid) nanocomposites,,,,,,,3.70416665E-06,g/m2s,,,6E-04,m,38.0,°C,90.0,%,polylactic acid,nanocomposite,OMMT,"[‘OMMT’, ‘3.0’, ‘%’]",
263,Water vapour permeability of poly(lactic acid) nanocomposites,,,,,,,3.35138887E-06,g/m2s,,,6E-04,m,38.0,°C,90.0,%,polylactic acid,nanocomposite,OMMT,"[‘OMMT’, ‘4.0’, ‘%’]",
264,Water vapour permeability of poly(lactic acid) nanocomposites,,,,,,,3.14560184E-06,g/m2s,,,6E-04,m,38.0,°C,90.0,%,polylactic acid,nanocomposite,OMMT,"[‘OMMT’, ‘5.0’, ‘%’]",
265,Water vapour permeability of poly(lactic acid) nanocomposites,,,,,,,2.96921295E-06,g/m2s,,,6E-04,m,38.0,°C,90.0,%,polylactic acid,nanocomposite,OMMT,"[‘OMMT’, ‘6.0’, ‘%’]",
266,Synthesis of chain-extended organifier and properties of polyurethane clay nanocomposites,1.1072E-08,cm3cm/m2Pas,,,,,,,,,,,30.0,°C,,,polyurethane,individual,None,,
267,Synthesis of chain-extended organifier and properties of polyurethane clay nanocomposites,9.151E-09,cm3cm/m2Pas,,,,,,,,,,,30.0,°C,,,polyurethane,nanocomposite,OMMT,"[‘OMMT’, ‘1.0’, ‘%’]",
268,Synthesis of chain-extended organifier and properties of polyurethane clay nanocomposites,7.949E-09,cm3cm/m2Pas,,,,,,,,,,,30.0,°C,,,polyurethane,nanocomposite,OMMT,"[‘OMMT’, ‘3.0’, ‘%’]",
269,Synthesis of chain-extended organifier and properties of polyurethane clay nanocomposites,7.907E-09,cm3cm/m2Pas,,,,,,,,,,,30.0,°C,,,polyurethane,nanocomposite,OMMT,"[‘OMMT’, ‘5.0’, ‘%’]",
270,Synthesis of chain-extended organifier and properties of polyurethane clay nanocomposites,8.371E-09,cm3cm/m2Pas,,,,,,,,,,,30.0,°C,,,polyurethane,nanocomposite,OMMT,"[‘OMMT’, ‘1.0’, ‘%’]",
271,Synthesis of chain-extended organifier and properties of polyurethane clay nanocomposites,7.073E-09,cm3cm/m2Pas,,,,,,,,,,,30.0,°C,,,polyurethane,nanocomposite,OMMT,"[‘OMMT’, ‘3.0’, ‘%’]",
272,Synthesis of chain-extended organifier and properties of polyurethane clay nanocomposites,6.49E-09,cm3cm/m2Pas,,,,,,,,,,,30.0,°C,,,polyurethane,nanocomposite,OMMT,"[‘OMMT’, ‘5.0’, ‘%’]",
273,High permeability nano-composite membranes based on mesoporous MCM-41 nanoparticles in a polysulfone matrix,,,,,3.375E-08,cm3cm/m2Pas,,,,,,,25.0,°C,,,polysulfone,individual,None,,
274,High permeability nano-composite membranes based on mesoporous MCM-41 nanoparticles in a polysulfone matrix,,,,,4.950396E-08,cm3cm/m2Pas,,,,,,,25.0,°C,,,polysulfone,nanocomposite,silica,"[‘silica’, '10.0’, ‘%’]",
275,High permeability nano-composite membranes based on mesoporous MCM-41 nanoparticles in a polysulfone matrix,,,,,5.850468E-08,cm3cm/m2Pas,,,,,,,25.0,°C,,,polysulfone,nanocomposite,silica,"[‘silica’, '20.0’, ‘%’]",
276,High permeability nano-composite membranes based on mesoporous MCM-41 nanoparticles in a polysulfone matrix,,,,,1.1100888E-07,cm3cm/m2Pas,,,,,,,25.0,°C,,,polysulfone,nanocomposite,silica,"[‘silica’, '40.0’, ‘%’]",
277,High permeability nano-composite membranes based on mesoporous MCM-41 nanoparticles in a polysulfone matrix,7.350588E-09,cm3cm/m2Pas,,,,,,,,,,,25.0,°C,,,polysulfone,individual,None,,
278,High permeability nano-composite membranes based on mesoporous MCM-41 nanoparticles in a polysulfone matrix,1.050084E-08,cm3cm/m2Pas,,,,,,,,,,,25.0,°C,,,polysulfone,nanocomposite,silica,"[‘silica’, '10.0’, ‘%’]",
279,High permeability nano-composite membranes based on mesoporous MCM-41 nanoparticles in a polysulfone matrix,1.275103E-08,cm3cm/m2Pas,,,,,,,,,,,25.0,°C,,,polysulfone,nanocomposite,silica,"[‘silica’, '20.0’, ‘%’]",
280,High permeability nano-composite membranes based on mesoporous MCM-41 nanoparticles in a polysulfone matrix,2.550204E-08,cm3cm/m2Pas,,,,,,,,,,,25.0,°C,,,polysulfone,nanocomposite,silica,"[‘silica’, '40.0’, ‘%’]",
281,The effect of pre-treatment and process conditions on the gas barrier properties of fibrillated cellulose films and coatings: A review,4.6296E-08,cm3cm/m2Pas,,,,,,,,,,,23.0,°C,50.0,%,microfibrillated cellulose,individual,None,,
282,The effect of pre-treatment and process conditions on the gas barrier properties of fibrillated cellulose films and coatings: A review,1.1574E-05,cm3cm/m2Pas,,,,,,,,,,,23.0,°C,50.0,%,polyethylene terephthalate,individual,None,,
283,The effect of pre-treatment and process conditions on the gas barrier properties of fibrillated cellulose films and coatings: A review,5.787E-05,cm3cm/m2Pas,,,,,,,,,,,23.0,°C,50.0,%,polyethylene terephthalate,individual,None,,
284,The effect of pre-treatment and process conditions on the gas barrier properties of fibrillated cellulose films and coatings: A review,5.787E-04,cm3cm/m2Pas,,,,,,,,,,,23.0,°C,50.0,%,polypropylene,individual,None,,
285,The effect of pre-treatment and process conditions on the gas barrier properties of fibrillated cellulose films and coatings: A review,1.1574E-03,cm3cm/m2Pas,,,,,,,,,,,23.0,°C,50.0,%,polypropylene,individual,None,,
286,The effect of pre-treatment and process conditions on the gas barrier properties of fibrillated cellulose films and coatings: A review,1.1574E-07,cm3cm/m2Pas,,,,,,,,,,,23.0,°C,50.0,%,polyvinyl chloride,individual,None,,
287,The effect of pre-treatment and process conditions on the gas barrier properties of fibrillated cellulose films and coatings: A review,3.4722E-06,cm3cm/m2Pas,,,,,,,,,,,23.0,°C,50.0,%,polyvinyl chloride,individual,None,,
288,The effect of pre-treatment and process conditions on the gas barrier properties of fibrillated cellulose films and coatings: A review,2.581002E-08,cm3cm/m2Pas,,,,,,,,,,,23.0,°C,0.0,%,EVOH,individual,None,,
289,The effect of pre-treatment and process conditions on the gas barrier properties of fibrillated cellulose films and coatings: A review,1.956006E-04,cm3cm/m2Pas,,,,,,,,,,,23.0,°C,50.0,%,polylactic acid,individual,None,,
290,The effect of pre-treatment and process conditions on the gas barrier properties of fibrillated cellulose films and coatings: A review,,,,,,,,,1.81712E-04,gm/m2Pas,,,23.0,°C,50.0,%,microfibrillated cellulose,individual,None,,
291,The effect of pre-treatment and process conditions on the gas barrier properties of fibrillated cellulose films and coatings: A review,,,,,,,,,1.504629E-10,gm/m2Pas,,,21.0,°C,60.0,%,polyethylene terephthalate,individual,None,,
292,The effect of pre-treatment and process conditions on the gas barrier properties of fibrillated cellulose films and coatings: A review,,,,,,,,,5.70601852E-06,gm/m2Pas,,,37.8,°C,90.0,%,polypropylene,individual,None,,
293,The effect of pre-treatment and process conditions on the gas barrier properties of fibrillated cellulose films and coatings: A review,,,,,,,,,8.0902778E-06,gm/m2Pas,,,23.0,°C,45.0,%,polyvinyl chloride,individual,None,,
294,The effect of pre-treatment and process conditions on the gas barrier properties of fibrillated cellulose films and coatings: A review,,,,,,,,,1.0995374E-06,gm/m2Pas,,,23.0,°C,95.0,%,EVOH,individual,None,,
295,The effect of pre-treatment and process conditions on the gas barrier properties of fibrillated cellulose films and coatings: A review,,,,,,,,,4.46759259E-06,gm/m2Pas,,,23.0,°C,50.0,%,polylactic acid,individual,None,,